{
  "durations": [
    1.0,
    3.0,
    5.0,
    10.0
  ],
  "pytorch_times": [
    2.8387533823649087,
    4.321725845336914,
    6.842756589253743,
    15.36961833635966
  ],
  "onnx_times": [
    1.7597994009653728,
    1.7958637873331706,
    1.900529384613037,
    2.232044061024984
  ],
  "speedups": [
    1.6131119153737945,
    2.406488663460723,
    3.6004476671887833,
    6.885893788898472
  ]
}